{
	"essential": {
		"graphic_data_url": "data_percent.csv",

		"fieldsToIgnore": ["AREACD", "AREANM"],

        "margins": [5, 5, 0, 5],
        "breaksAll": "jenks",
        "aspectRatio": [3, 4],
		"dateFormat": "%Y",
		"oldcolour":   ["pink",    "pink",   "pink",     "pink",    "pink",    "yellow",  "yellow",  "red",     "green",   "purple"],
        "colour":["#efedf5", "#efedf5", "#efedf5", "#efedf5", "#efedf5", "#efedf5", "#bcbddc", "#bcbddc", "#6a51a3", "#3f007d"],
		"xAxisLabel": "Year",
		"yAxisLabel": "%",

		"yAxisBreak_sm_md_lg": [65, 65, 65],
		"numRows_sm_md_lg": [105, 60, 40],
		"numColumns_sm_md_lg": [1, 2, 3],
		"breakDivisions": 9
	}
}